id,noending_sentence,ending_sentence,noending_similarity,ending_similarity
433.20600241422653
240.14622822403908
314.17194977402687
221.68455961346626
275.1243528574705
243.96157723665237
229.13110369443893
203.6884330511093
302.7248910665512
226.6970248222351
270.1227983534336
237.93513229489326
261.3562648296356
219.77622893452644
247.46281468868256
118.35891890525818
175.84878259897232
290.8261333703995
379.4508008360863
237.6282902956009
275.9320306479931
251.19511377811432
218.35626855492592
192.07816642522812
222.01779752969742
214.11452129483223
223.3508532345295
150.86750029027462
278.32538759708405
336.0610931813717
255.54006758332253
180.0741799622774
193.68166406452656
229.94788998365402
220.4377386868
288.91976860165596
303.65076807141304
155.14416195452213
270.3081527352333
216.30578023195267
269.8094972074032
156.7793073579669
241.40744805335999
281.6707109808922
250.00340563058853
284.87325170636177
206.1545343697071
312.04951843619347
230.55054959654808
