id,noending_sentence,ending_sentence,noending_similarity,ending_similarity
150.66956260800362
364.85383903980255
271.5916802287102
269.6244402527809
346.66415560245514
282.1140273809433
373.9555822610855
204.24160814285278
476.5668989419937
337.377448618412
471.1761802434921
234.10039293766022
352.0826309323311
391.5073400735855
358.96278059482574
433.32333636283875
321.47198486328125
288.8336248397827
300.94082510471344
356.22390323877335
288.78272277116776
318.773039996624
288.8729376196861
348.4865466952324
384.5849959850311
367.5711585879326
409.21262127161026
473.93176227808
372.848275244236
329.9311657547951
316.88224375247955
460.5778933763504
450.0591498017311
257.94013541936874
300.176795899868
309.0200093984604
342.5256443619728
427.71130007505417
422.47302651405334
314.8382819890976
279.00647857785225
465.34018248319626
309.6199514865875
287.27926486730576
374.63686072826385
482.4570858478546
310.2541514635086
440.88379937410355
271.55605283379555
369.37688022851944
